primeiro_nome,sobrenome,email,idade,genero,username,password
Johan, Pedersen, johan.pedersen@example.com, 37, 
                 male, silverduck590, orange1
Leo, Miller, leo.miller@example.com, 73, 
                 male, goldencat512, kordell1
Matthew, Roy, matthew.roy@example.com, 49, 
                 male, beautifuldog261, pablo
Aino, Pakkala, aino.pakkala@example.com, 68, 
                 female, happycat820, deputy
Olivia, Hansen, olivia.hansen@example.com, 51, 
                 female, heavyladybug286, bearcat
Rosario, Montero, rosario.montero@example.com, 56, 
                 female, orangefish707, zhong
Nelson, Meyer, nelson.meyer@example.com, 70, 
                 male, silverladybug932, pioneer
Seth, Anderson, seth.anderson@example.com, 58, 
                 male, happyfrog806, power
Deniz, Yıldızoğlu, deniz.yildizoglu@example.com, 61, 
                 female, brownwolf288, lang
Priscilla, Rodriquez, priscilla.rodriquez@example.com, 69, 
                 female, purplegoose567, jayson
Jason, Morris, jason.morris@example.com, 66, 
                 male, organicwolf509, dolores
Ryan, Lewis, ryan.lewis@example.com, 35, 
                 male, organicmeercat183, ophelia
Maja, Nielsen, maja.nielsen@example.com, 57, 
                 female, beautifulpeacock275, amsterda
Malik, Ryland, malik.ryland@example.com, 49, 
                 male, brownfish623, kappa
Adam, Thomas, adam.thomas@example.com, 61, 
                 male, heavybear629, briggs
Gül, Soekhai, gul.soekhai@example.com, 53, 
                 female, angrylion483, fishman
Milan, Kopf, milan.kopf@example.com, 59, 
                 male, bigleopard314, chocolate
Philip, Phillips, philip.phillips@example.com, 71, 
                 male, angrypanda654, 1245
Adem, Fabre, adem.fabre@example.com, 38, 
                 male, brownzebra595, erection
Carla, Lopez, carla.lopez@example.com, 55, 
                 female, redfish581, tinkerbe
